[
    {
        "id": 85,
        "ticker": "MSFT",
        "signal_type": "sell",
        "sentiment_analysis_id": null,
        "ai_confidence": "100.00",
        "trade_thesis": "\ud83e\udd16 AUTO-EXIT TRIGGERED: STOP LOSS HIT: Live price ($445) <= SL ($448). Closing 5 shares.",
        "rule_validation_status": "pending",
        "rule_validation_notes": null,
        "risk_validation_status": "pending",
        "risk_validation_notes": null,
        "final_status": "approved",
        "suggested_position_size": "0.00",
        "suggested_entry_price": "445.0000",
        "suggested_stop_loss": null,
        "suggested_take_profit": null,
        "created_at": "2026-01-16 12:51:29",
        "approved_at": null,
        "executed_at": null
    },
    {
        "id": 84,
        "ticker": "MSFT",
        "signal_type": "buy",
        "sentiment_analysis_id": null,
        "ai_confidence": null,
        "trade_thesis": null,
        "rule_validation_status": "pending",
        "rule_validation_notes": null,
        "risk_validation_status": "pending",
        "risk_validation_notes": null,
        "final_status": "approved",
        "suggested_position_size": "2250.00",
        "suggested_entry_price": "450.0000",
        "suggested_stop_loss": "427.5000",
        "suggested_take_profit": null,
        "created_at": "2026-01-16 12:51:27",
        "approved_at": null,
        "executed_at": null
    },
    {
        "id": 83,
        "ticker": "MSFT",
        "signal_type": "buy",
        "sentiment_analysis_id": null,
        "ai_confidence": null,
        "trade_thesis": null,
        "rule_validation_status": "pending",
        "rule_validation_notes": null,
        "risk_validation_status": "pending",
        "risk_validation_notes": null,
        "final_status": "approved",
        "suggested_position_size": "2250.00",
        "suggested_entry_price": "450.0000",
        "suggested_stop_loss": "427.5000",
        "suggested_take_profit": null,
        "created_at": "2026-01-16 12:50:08",
        "approved_at": null,
        "executed_at": null
    },
    {
        "id": 82,
        "ticker": "MSFT",
        "signal_type": "buy",
        "sentiment_analysis_id": null,
        "ai_confidence": null,
        "trade_thesis": null,
        "rule_validation_status": "pending",
        "rule_validation_notes": null,
        "risk_validation_status": "pending",
        "risk_validation_notes": null,
        "final_status": "approved",
        "suggested_position_size": "2250.00",
        "suggested_entry_price": "450.0000",
        "suggested_stop_loss": "427.5000",
        "suggested_take_profit": null,
        "created_at": "2026-01-16 12:49:20",
        "approved_at": null,
        "executed_at": null
    },
    {
        "id": 81,
        "ticker": "MSFT",
        "signal_type": "buy",
        "sentiment_analysis_id": null,
        "ai_confidence": null,
        "trade_thesis": null,
        "rule_validation_status": "pending",
        "rule_validation_notes": null,
        "risk_validation_status": "pending",
        "risk_validation_notes": null,
        "final_status": "approved",
        "suggested_position_size": "2250.00",
        "suggested_entry_price": "450.0000",
        "suggested_stop_loss": "427.5000",
        "suggested_take_profit": null,
        "created_at": "2026-01-16 12:47:59",
        "approved_at": null,
        "executed_at": null
    }
]