{
    "success": true,
    "data": {
        "dailyBar": {
            "c": 258.09,
            "h": 261.01,
            "l": 257.055,
            "n": 17140,
            "o": 260.61,
            "t": "2026-01-15T05:00:00Z",
            "v": 1262047,
            "vw": 259.129402
        },
        "latestQuote": {
            "ap": 0,
            "as": 0,
            "ax": " ",
            "bp": 247.76,
            "bs": 100,
            "bx": "V",
            "c": [
                "R"
            ],
            "t": "2026-01-15T21:00:02.570883625Z",
            "z": "C"
        },
        "latestTrade": {
            "c": [
                "@",
                "F"
            ],
            "i": 17121,
            "p": 258.09,
            "s": 100,
            "t": "2026-01-15T20:59:50.107011322Z",
            "x": "V",
            "z": "C"
        },
        "minuteBar": {
            "c": 258.09,
            "h": 258.16,
            "l": 257.98,
            "n": 361,
            "o": 258.045,
            "t": "2026-01-15T20:59:00Z",
            "v": 34530,
            "vw": 258.062137
        },
        "prevDailyBar": {
            "c": 260.1,
            "h": 261.81,
            "l": 256.74,
            "n": 19698,
            "o": 259.425,
            "t": "2026-01-14T05:00:00Z",
            "v": 1600138,
            "vw": 258.898275
        },
        "symbol": "AAPL"
    }
}