{
    "id": "b5391928-ef10-431f-9389-d5a66341c7fd",
    "admin_configurations": [],
    "user_configurations": null,
    "account_number": "PA3RRPUUHDNG",
    "status": "ACTIVE",
    "crypto_status": "ACTIVE",
    "options_approved_level": 3,
    "options_trading_level": 3,
    "currency": "USD",
    "buying_power": "197889.66",
    "regt_buying_power": "197889.66",
    "daytrading_buying_power": "0",
    "effective_buying_power": "197889.66",
    "non_marginable_buying_power": "98944.83",
    "options_buying_power": "97889.66",
    "bod_dtbp": "0",
    "cash": "100000",
    "accrued_fees": "0",
    "portfolio_value": "100000",
    "pattern_day_trader": false,
    "trading_blocked": false,
    "transfers_blocked": false,
    "account_blocked": false,
    "created_at": "2026-01-17T00:47:08.941113Z",
    "trade_suspended_by_user": false,
    "multiplier": "2",
    "shorting_enabled": true,
    "equity": "100000",
    "last_equity": "100000",
    "long_market_value": "0",
    "short_market_value": "0",
    "position_market_value": "0",
    "initial_margin": "1055.17",
    "maintenance_margin": "0",
    "last_maintenance_margin": "0",
    "sma": "0",
    "daytrade_count": 0,
    "balance_asof": "2026-01-15",
    "crypto_tier": 0,
    "intraday_adjustments": "0",
    "pending_reg_taf_fees": "0"
}